,avrg_d_from_gt_to_pred,avrg_d_from_pred_to_gt,HD95,surf_overlap_of_gt_surf_w_pred_surf,surf_overlap_of_pred_surf_w_gt_surf,DSCsurf,DSCvol
0,0.47048716122628037,0.42217361083713423,1.4054586440020214,0.6701042617304868,0.7122417909676286,0.6902464147930227,0.8670820293870075
1,0.5052234058811376,0.4505346636545007,1.5278946298747176,0.642349042103138,0.7127437092531895,0.6757312653919781,0.8597278130626546
2,0.39654753926730135,0.35998749566913346,1.1605192803223907,0.7138859830978328,0.760048141219038,0.7360639731153102,0.8875298519344054
3,0.5582012829425632,0.5180265248254866,1.6043359997207567,0.5538303539210614,0.6386401628082877,0.5930534490161965,0.8367551348333283
4,0.38740294200671993,0.3234030668331621,1.038,0.7379089189654879,0.8091463124567236,0.7718950021074635,0.892349024359876
5,0.39239751141029006,0.3317954577948898,1.1077404930758827,0.723317868721397,0.8032449094220075,0.7609552306809165,0.8930499793487585
6,0.34043664428364634,0.2869843970523178,0.9316335116342692,0.7593931620206141,0.8388678580165213,0.7970184343325676,0.907566759654827
7,0.2370921521648266,0.2227026803810672,0.6237603706552701,0.9159664575210013,0.9424329193514333,0.9288591301884116,0.9330760590757707
8,0.37020133697853824,0.295133404088598,1.0941480704182593,0.7659965092847265,0.8528317298981968,0.8068539602593723,0.8995513050355035
9,0.38918931683113694,0.3178332331623044,1.066443622513633,0.7280220376242402,0.8204552890592691,0.7719802834188633,0.8966389637735488
10,0.3142957722365766,0.27067108653631416,0.9316335116342692,0.8138663308799642,0.8815529637655884,0.8459213710724262,0.917197554775256
11,0.2768407648407621,0.2551910259908732,0.7339768388716365,0.8703567850997302,0.9002901708849126,0.8848284778876462,0.9241006706509381
12,0.48921373470746377,0.4234603072082184,1.160519280322391,0.5974887630529284,0.6643283180470116,0.6289056042412442,0.8749743589743589
13,0.5743837404172069,0.41112570737096826,1.7300000000000002,0.5848673028423715,0.6917673198016255,0.63417376520761,0.8712321791571133
14,0.3696737781096275,0.30755880783059375,1.038,0.731367900095617,0.8118872281028624,0.7692562839578755,0.9042949305388529
15,0.2927722070134343,0.2764860809997237,0.7736795202149273,0.8387786836140605,0.8676922555771062,0.8528002819447741,0.92189151356626
16,0.41406838740776597,0.4105620578926293,1.0234818024762335,0.6777536439423042,0.6971565731473883,0.6872072863166684,0.8908381630276756
17,0.6570972749742585,0.43682337474177885,2.0322898415334363,0.5780581773321579,0.7092205871481856,0.6372032990011683,0.860555837984633
18,0.40202459312662703,0.324141106405635,1.1733430870806716,0.7135262384991368,0.7986587951124489,0.7535925602438408,0.8991124161875143
19,0.3099869592209448,0.2994621990134172,0.9316335116342693,0.8326020073460203,0.8606274670680134,0.846270534204031,0.917453956381844
20,0.4577312020995539,0.38682610955466257,1.1605192803223907,0.6647964538601255,0.7229306822819704,0.6922542180934563,0.8888672481589295
21,0.697294127240902,0.4303066277542741,2.5543143894203784,0.6180156165153842,0.7551280783979706,0.6799221794116296,0.8612900642960541
22,0.46245927811571885,0.351037648301971,1.3947705904556493,0.6721751660051934,0.7787575007235967,0.7215442019837349,0.8884668615791306
23,0.26995084467611247,0.25855046419601224,0.7540895172325365,0.8674834000305881,0.8896169375154973,0.8782849041875065,0.9292168632238383
24,0.5672801317057943,0.3998701440204908,1.903,0.6319804292125395,0.7064634528483602,0.6666532325859496,0.8810180523707134
25,0.802417169942042,0.42943801894365985,3.0995498060202227,0.5828114835519222,0.7324680381498151,0.6494397064790786,0.8535759449036743
26,0.4917566064568474,0.3907029262755915,1.2712851765044695,0.6214760656371465,0.7250728811345719,0.6687968790387966,0.8790103418339813
27,0.29844285006236265,0.2764605660268652,0.8114419264494533,0.8206839007139014,0.8524172202231021,0.8359929695695963,0.9246017372571523
28,0.6450165089665146,0.4031278660352266,2.595,0.6260438182594921,0.7179937055404058,0.6681583568071982,0.8738368749451433
29,0.7942447725984176,0.40670685336526585,3.5327599692025498,0.59540851694898,0.7294703092101961,0.6564714119221104,0.8647940688074467
30,0.4500848775934151,0.3306328867396107,1.3840000000000001,0.6996589227950601,0.801729566506029,0.7470421363540058,0.8946702702702702
31,0.3062897890357547,0.27540739113858226,0.8650000000000001,0.8215866209646531,0.8712080938516714,0.8454947477544738,0.9237153245425848
32,0.4829741495556469,0.41944989712530906,1.1733430870806716,0.6200889214924898,0.6965863101736167,0.6561465670546295,0.8834691827587753
33,0.6179972846155614,0.4315108810943201,1.9725034854215087,0.6099186323007649,0.728537825489065,0.6645246427122592,0.8735726404920169
34,0.6537816097253885,0.41749335661059617,2.282026730781215,0.6057203959898129,0.7404379364622891,0.6661514812534131,0.8605153543493841
35,0.3818181387784165,0.32717427870089927,1.107740493075883,0.7331067784708877,0.8039956557833918,0.7666620148187837,0.9092992264606644
36,0.3654422004062331,0.35515778287565974,1.008754677808237,0.7284107707895559,0.7411794387637498,0.7346331115661306,0.8924756239651683
37,0.37356760393357363,0.31988300337270104,1.0087546778082372,0.7654739080902274,0.8195939510642039,0.7914814696704772,0.8936948969154952
38,0.8290322072513477,0.5129524093411864,2.6912484091959996,0.521170267725863,0.6483473238126389,0.5783755827299202,0.8237390722950317
39,0.5905350737189168,0.4190220111702643,1.7472143543366396,0.6030561320159692,0.7188573131034993,0.6557043631087487,0.8707057789950384
40,0.25680978109223607,0.22958293408071245,0.7736795202149273,0.8719942661222213,0.9103947086528663,0.8904711407820396,0.9234701491753005
41,0.4483835665384665,0.30128838275463615,1.6320787358457924,0.7476756004075094,0.8454625362712309,0.7932377593597078,0.8816079391448807
42,0.29247952005778793,0.264344299110096,0.8821303758515517,0.8420495539418473,0.8727257113117454,0.8569963986105201,0.9094550531997878
43,0.39961741496038594,0.38470482719030963,1.2110000000000003,0.7235774384221254,0.7604123667971066,0.7413855130780632,0.8818572086321279
44,0.632448042696474,0.4723172374890711,1.8390152256030945,0.5495661124825126,0.6666219845392236,0.6024792738125397,0.8713937310339264
45,0.6190981420219425,0.5139178814807192,1.508179034465073,0.5090637987176929,0.5942012430113034,0.5479363789959707,0.8670686137827984
46,0.28840646909305734,0.23227657249262665,0.865,0.8547116435769934,0.9204102299970356,0.8860569199394925,0.903633045474215
47,0.3145910223270556,0.2726831748552792,0.8821303758515517,0.8126669800215982,0.8737405060990976,0.8419210123755115,0.8928511837446004
48,0.36327261194166327,0.31406193774995694,1.107740493075883,0.7674846190126375,0.8300858020455205,0.7970452351748738,0.9004120533150646
49,0.3928718219794966,0.2925726384497057,1.2475207413105402,0.7524445569467695,0.8578680804424413,0.8016484826506336,0.8936777634738078
50,0.2747097712051215,0.2215587175691583,0.7736795202149273,0.8546950432849595,0.9424249366856208,0.8962484473983479,0.9183043668855598
51,0.6053544396919065,0.29979460346307446,2.905164022908173,0.7208501966961537,0.8586290841192918,0.7829130095976826,0.8573462165692266
52,0.3227197273039277,0.2753626347065191,0.8650000000000001,0.8089772430778058,0.8854141715301099,0.8453751677154865,0.9084741195908232
53,0.4950790687999314,0.3828735205862778,1.5473590404298545,0.6718879695742113,0.7575331215736912,0.7121132432705077,0.8716936722304347
54,0.4708382540247437,0.34311653554156524,1.3947705904556493,0.6702231845559506,0.7822888546498662,0.7213151651342565,0.8782032547837322
55,0.33324755891317104,0.306215944787802,0.8989343691282473,0.7939481315936984,0.8379291670246567,0.8155202284838411,0.8918804512152576
56,0.3931024446830062,0.3259219675868835,1.3840000000000001,0.7717794065078216,0.8408994902560748,0.8041737868746885,0.9021376183334896
57,0.3944222740633009,0.30716537356575135,1.1211681408245597,0.7214533591917489,0.8300874608962022,0.7721821580282666,0.9009908855638697
58,0.35790703279721414,0.25559052135761,1.1605192803223907,0.7743556587692862,0.8962753059258037,0.8308409246154832,0.8996196685683239
59,0.2832915907953912,0.2594051373110613,0.7132972732318553,0.8550033464698906,0.8975452414003211,0.8755744592061595,0.917875455465772
60,0.34126385817564814,0.28888512678749584,0.9475600244839373,0.8138171809959526,0.8780799353147092,0.8442038790257861,0.9087873601393798
61,0.4925210965576942,0.4077003764071781,1.4265945464637106,0.6397649579919434,0.7155908645599541,0.6751608153256379,0.8719520132984849
62,0.621265021490884,0.39603155711110244,2.308107883093856,0.6313217371062932,0.7664879879969833,0.692851003304753,0.8639294383514499
63,0.284793637556403,0.25891664471197373,0.7736795202149273,0.8746412579357202,0.9026217554650893,0.8882633814072264,0.913818230262122
64,0.4291873895862319,0.39427317092793557,1.107740493075883,0.6978749997457973,0.744519494522604,0.7197317934155453,0.8961022594737779
65,0.4971892510654629,0.3671019233757153,1.6320787358457924,0.6804711511444878,0.7796246889736865,0.7266294309980205,0.8874854539970928
66,0.3493959571305159,0.2830929774196336,1.0523179177415922,0.8061114110636732,0.8901300824930409,0.8460859115887932,0.9058284145692395
67,0.3268447120650465,0.30499212537830267,0.865,0.8072471564694398,0.8462336737020943,0.8263245580067659,0.9125547944560719
68,0.40426079043112606,0.33656114793788444,1.107740493075883,0.7066468685044723,0.783761417635606,0.7428534691269104,0.8970146234733385
69,0.5469437273921167,0.4565963943231349,1.437045928284827,0.5813971959452428,0.6820729471634582,0.6280706483198379,0.8672003130520852
70,0.7143774683841912,0.5136761175572178,2.139891819695566,0.5178909894574224,0.6357715478139346,0.5714002805427274,0.8426420091613047
71,0.38511489653154324,0.37087766797977295,1.038,0.7369540447911062,0.761354937494802,0.7488327472343025,0.8944665317392022
72,0.47818406431140603,0.4237937384126973,1.3288382143812691,0.6651312930770795,0.7352103211186037,0.6976805436759275,0.887369826435247
73,0.5200526674237727,0.3777162962947289,1.7727224825110106,0.6568745224132969,0.7572906606224269,0.7035441320639757,0.8858855867323409
74,0.3720326133269044,0.30765451176657843,1.066443622513633,0.7751546568862917,0.8561816641298798,0.8134727595542417,0.8976341940044072
75,0.3621324431377447,0.33046287632331056,0.8989343691282474,0.7773275457470419,0.824006311883869,0.8001468155993501,0.9058277866273684
76,0.3971083352999483,0.31660656209448945,1.1077404930758827,0.7262820149805079,0.8152369466670549,0.7676260744573017,0.904153980048833
77,0.6115222785021259,0.5142305986131833,1.5473590404298545,0.5293542789127784,0.625350561661136,0.5737150131198678,0.8544601334738321
78,0.7228357720995061,0.5358323034401486,2.0026197841827096,0.46975514578145394,0.5688062813428436,0.5152550391365976,0.8354572789484547
79,0.4468580042911816,0.3457398742940953,1.2475207413105402,0.7155227494992382,0.7822048317871418,0.7472027630447967,0.890893315498355
80,0.5854394506601964,0.4475952018425362,1.8390152256030945,0.6213479824399137,0.7124441602250744,0.6629760178640745,0.875011415144916
81,0.5234202172181874,0.3479322210134472,1.781144014390751,0.6756963369048908,0.7896215621657041,0.7280772009239902,0.8988823409876041
82,0.571714424609068,0.41164504017075315,1.8390152256030945,0.6183156400060944,0.7243521189296336,0.6666588934476124,0.8616592375357776
83,0.4275020952560387,0.36962250091946414,1.211,0.7140736498852802,0.7661331931993012,0.7390768986334121,0.8967313651509847
84,0.514621388958699,0.36706979480489527,1.557,0.6714670464682512,0.7745075332434744,0.7191227950632019,0.8999639198364366
85,0.6949248467653951,0.5120712634035172,2.1745762805659403,0.5653138304026066,0.6690780744652268,0.6124252515610827,0.8522492832033758
86,0.8139239621418449,0.503046430004423,3.1331632577955464,0.5298224972081185,0.6387558365355163,0.5793025792264526,0.8560541060031408
87,0.40554139138363443,0.3549512041166835,1.0941480704182593,0.7218301459664299,0.7780815235422982,0.7486503082674976,0.9008130851948982
88,0.5125109894863148,0.44736630487164514,1.557,0.6296212457172871,0.6985654277316732,0.6617941785108157,0.8871963707385118
89,0.3878608022863868,0.3155693264466455,1.2232947314527272,0.7445827896207009,0.8265088776190949,0.7835187453268888,0.9166003815629729
90,0.49334779104200976,0.3795783814690062,1.518068839018837,0.6697023511529168,0.760574372895874,0.7118288027124448,0.8819075415852972
91,0.4329672531899463,0.32724282524302956,1.4474218459039507,0.7200401349277289,0.7984277963369726,0.7574227540834418,0.902129859113862
92,0.47536324836462074,0.38277450628559123,1.3511731939318512,0.686152681343786,0.7597567409751222,0.7206376756552301,0.8971170572654877
93,0.7482198348733686,0.5341657743926954,2.4526983100251036,0.51398079764492,0.6217542923229888,0.5629294431330223,0.8489806826434277
94,0.6143799986453833,0.5071613651458916,1.518068839018837,0.5294254031460653,0.6180913796088956,0.5706738896293397,0.86992321875774
95,0.4529202716122433,0.4222589588850189,1.211,0.6716017060569791,0.6997206941414743,0.6852332536454552,0.8895957543374662
96,0.3762565928312,0.31790403767767145,1.008754677808237,0.7515771636256954,0.8391899549887605,0.7923931376686495,0.8949095122109763
97,0.3405933853659515,0.28335961482318545,1.160519280322391,0.8232819823906476,0.8758542246311507,0.8486105523613937,0.9293797922093684
98,0.7872155700729888,0.3400263296562451,3.208671999441514,0.596238143210394,0.8030527333774188,0.684818048864356,0.8469366365468302
99,0.42979215149166006,0.2900131926326654,1.478112647939933,0.7561657206284598,0.8561866084471297,0.8036318988782192,0.9124614331398347
100,1.205196531977401,0.5961771123645956,4.104878439125817,0.4142257020922902,0.5573975302729882,0.472738521766925,0.7143534619032564
101,0.5925665322270128,0.38525292427716745,2.2019305166149086,0.619087844487426,0.7539380388123351,0.6790840414721314,0.8649026569609056
102,1.154677481941459,0.4431567014848275,4.911494070036123,0.5495360130995781,0.7439164509138338,0.6333351014130576,0.8299911259193928
103,0.5096338309312769,0.3782212801409504,1.3622033622040435,0.6355229678547397,0.7332973151504288,0.6803691770307525,0.8920784468404103
104,0.37212899618575834,0.324476474060898,1.008754677808237,0.7474820671310913,0.8152398591009656,0.779652861883894,0.8983819499056486
105,0.3777781447019682,0.31512160032278363,1.107740493075883,0.755233828922411,0.8260528185706868,0.7885560584326474,0.8908410600432879
106,0.44583625323819337,0.37913626482556556,1.2946134558237838,0.6905774200071627,0.7653562934504256,0.7260515112272728,0.8765543757595076
107,0.7611306733356435,0.4765278394498648,2.5718298932861017,0.5090674532799397,0.6423428389566328,0.5681038972748251,0.8183254227643327
108,0.7930018171430833,0.4614089668468251,3.1805663017770907,0.5476061029094881,0.6898535568165501,0.6103853635070933,0.8188273895834506
109,0.5981752448727133,0.5044139461163933,1.467953677743273,0.5132435393670678,0.5935821875055265,0.5504548828844105,0.8734666217634404
110,0.45963982897203287,0.41707977083988546,1.0523179177415922,0.6254557281886933,0.6782620499553139,0.6506909752896303,0.8982084539161796
111,0.4032321793256128,0.3444843125717091,1.1605192803223907,0.7145294920543906,0.7809132631007457,0.746059238969418,0.890939509875627
112,0.6475854340502355,0.3711257099751324,2.422,0.6436435350210733,0.7968718587905094,0.7119007182267318,0.8575112766887109
113,0.4679113805002527,0.4414221436839901,1.1733430870806716,0.6398470154709316,0.6883043120501288,0.663620172662785,0.8627738947108055
114,0.4037701596955334,0.36615158102795536,1.2232947314527274,0.7373072909739814,0.7872262663918873,0.7613380245455755,0.9168446826373676
115,0.3605640080189484,0.3114850834025073,0.9316335116342692,0.7800910552716049,0.8384614389774676,0.8079202158132868,0.9081199471768608
116,0.78793276827181,0.5608154963237887,2.5543143894203784,0.4718895540298288,0.5798829037261217,0.5190231385254884,0.7921492979068732
117,0.6581043493345384,0.4769746527616479,1.9030000000000002,0.543381851906447,0.6483626528842149,0.5907111424345536,0.8399068577613066
118,0.6230608594911006,0.46498155299731175,1.8061730260415252,0.5351420128896275,0.6350039292908898,0.5813626443384314,0.8387810624233606
119,0.7092230985483946,0.5257868367583207,2.195123914497767,0.5220104401875559,0.6017530927239966,0.5587820302832353,0.7970467409165601
120,0.9014207765570634,0.6081525123487438,3.094718080859709,0.4152187174397373,0.49751304271706825,0.4537654694346568,0.8066526443610816
121,2.2804872020871567,0.9111951898560449,6.9652644601623,0.3255031268930069,0.5679849245435298,0.4138619575437392,0.6512335267981857
122,0.539152342719511,0.4242161487014844,1.6950469020059593,0.6340298696734485,0.6946373100856699,0.6632740319503002,0.8547603580635804
123,0.39769173494781596,0.3685725674041596,1.211,0.7282406082314467,0.7748223452822994,0.7509745719109753,0.8753356921521658
124,0.4143571384458802,0.3144708474154547,1.2712851765044695,0.7218191234665184,0.8182863584095672,0.7669660579936579,0.8955645651185917
125,0.6050196712633825,0.40212642384123337,2.076,0.5983664219396998,0.7108905007200081,0.6502011209434894,0.8573573825222152
126,0.4633086299744255,0.3876215467955517,1.2110000000000003,0.6635555579289458,0.7408518632283196,0.7009734761214229,0.8796713302096031
127,0.7380589676619826,0.6372644530276095,1.8552183159941043,0.42955610181492365,0.48438898531542085,0.45671314476121266,0.8153956822011899
128,1.2201513936588715,0.6833707954352445,4.01643262112039,0.3378182644799212,0.4538034349714031,0.38870416240221906,0.7485189849488934
129,0.6825642403920574,0.4205123749965292,2.118808627507449,0.583980315506463,0.7270580817477796,0.6493721467553717,0.8419615928570211
130,0.513528585608263,0.33696563450481753,1.9572715703243637,0.7064759288838879,0.827732370371721,0.7626226027004214,0.8840889053145559
131,1.3208380147568788,0.5900130244585202,4.606480326670244,0.49910196359964026,0.7011803037269743,0.5860942584591029,0.7648446874344841
132,0.5221428421805427,0.3741984734759781,1.8712811119658106,0.6789480903794449,0.7717948924155558,0.7225484222182385,0.8773479308531743
133,0.4349125134826073,0.40638254849148503,1.038,0.6933603543554717,0.7265455881480715,0.7100019892853359,0.877411269282777
134,0.9900266462625517,0.5725674989311974,3.665804277372157,0.443960901187075,0.5520502301448222,0.49321326279760225,0.8051623876111504
135,2.1834609343386853,0.888491894039459,6.704726541776331,0.3370434754372282,0.573542319021171,0.4249467357093091,0.6640399831364248
136,0.4738488570417904,0.39907148340412835,1.3511731939318512,0.6723823408520746,0.7271970979524555,0.6988100694810775,0.8727485344591926
137,0.3838919411236906,0.3283819486755986,1.107740493075883,0.754807829078887,0.8216760357689521,0.786904876117853,0.8838992525816306
138,0.5733065573374333,0.43412230955238457,1.7300000000000002,0.5999995677658403,0.7029017303985758,0.6475254799515733,0.8643590377527557
139,0.5709319793006317,0.4026435270969892,1.6320787358457924,0.5923696510162944,0.7037944842977181,0.6433833375376914,0.8593685656573549
140,0.4236762797820346,0.3494502425971931,1.2712851765044695,0.7342631612511605,0.8010565586977535,0.7664791175107782,0.8897745216701267
141,0.6646225278726281,0.5242291661610202,1.8712811119658106,0.49475599343952414,0.5629392127388599,0.5277319447682728,0.8404503726449797
142,1.1453415236994204,0.5645139090788484,3.876126674916598,0.4190886205453772,0.5810723912053695,0.4878413802073257,0.7727796695857713
143,0.7271178495224949,0.47917413443733986,2.4096111719528523,0.566664010829311,0.6786915430452283,0.618503308933562,0.8277553863594121
144,0.4833120076516648,0.32845050058584024,1.6412221056273888,0.6964069606172104,0.8340351337789564,0.7595450150568888,0.887844400561779
145,1.1758870763960407,0.5899678081013922,4.1411733844406955,0.49249261138797723,0.6487529909383757,0.561466182954395,0.7815195136683918
146,0.5308294843086998,0.37398359895554156,1.8712811119658104,0.6748098656653059,0.7675209843175005,0.7182060552621952,0.878029552352285
147,0.41675242011234104,0.38696930133252183,1.0941480704182593,0.7242629027992844,0.7567010191339747,0.740453008078204,0.8844354915403702
148,0.5662462340483946,0.41380104017854963,1.8471345376014168,0.6280387836425486,0.7382987404297077,0.6797674513645923,0.8777257168880894
149,0.4789152450400602,0.3676508391204878,1.5180688390188373,0.6812614088739736,0.7758095060757945,0.7259045517103,0.902103311199243
150,0.3775164579468811,0.3651586324281583,0.8650000000000001,0.738102581681186,0.7604012830652584,0.7491096225109155,0.8932923686001196
151,0.37954990890022966,0.30850611932143795,1.1605192803223907,0.7530585343126701,0.8308862135265965,0.7904639456349725,0.8984230346924756
152,2.190207536880267,1.1345661436666092,5.932664157020858,0.26746473318810143,0.4471253708083897,0.33619462010925877,0.6106001742502367
153,0.4754355351838777,0.36233869564795607,1.3511731939318512,0.6572282662280664,0.7627310466007686,0.7067236416504277,0.8745954652904727
154,0.5092300955126031,0.36949196220059927,1.6228838528989067,0.6739313282411401,0.7856949325502616,0.7262903942783516,0.883916190825632
155,0.33662570141845527,0.2909536025926038,0.9316335116342692,0.7934409696121407,0.8623221241385456,0.8266514378225039,0.9127557176661595
156,0.9505154863828099,0.4702151147593565,3.5200292612420143,0.5225131941681553,0.695963836701235,0.5976427192824186,0.8236405071280027
157,0.6308514719787623,0.44935465989635637,1.7038523997107262,0.536670411594251,0.683592128292782,0.6017461697834295,0.8490644116327458
158,0.4353860308333998,0.3686729988327419,1.211,0.7136666217023035,0.7822547343855658,0.7468262500123497,0.8967831892023771
159,0.591740110185758,0.4044478674255676,2.2087161429210407,0.6418980241412473,0.7440577693893036,0.6899346605637133,0.8733743384932763
160,2.335761612672028,0.9825097366032804,8.584008271198252,0.39502490332287016,0.5510420274306018,0.461133596695279,0.5725248553503012
161,0.43315732200403223,0.4165589742895481,1.107740493075883,0.6848788514061389,0.719768495749244,0.7020845137428496,0.8956287045717064
162,1.007498113196675,0.6207976260918169,3.7385616218005557,0.47131022242628456,0.5959190915379309,0.5267005773618884,0.8257218648284008
163,0.29368783942383897,0.2973194605547606,0.7132972732318553,0.8523320690201073,0.8645424095993841,0.8584501522557307,0.916641676648713
164,0.4003435383008812,0.3268881934844889,1.0941480704182593,0.7282415074525593,0.8026996657900014,0.7638059693266844,0.8916894990936123
165,0.6193020130125191,0.5603118987044116,1.6412221056273888,0.5248612852969813,0.5710760052976871,0.5475584472763638,0.8565297561682144
166,0.8452418162225868,0.4231666818037009,3.766476602874363,0.5352030932638238,0.691450505070985,0.6041327407396753,0.8364791152955242
167,1.3376534703723553,0.4229803572861279,5.134924439560917,0.5488271296156646,0.7757271666437345,0.643351118103081,0.7707732392838138
168,0.40965573586779835,0.3668127733740772,1.0087546778082372,0.697709990618475,0.7552211418986826,0.7252792654879907,0.8991887431252586
169,1.3520566947478858,0.6095070969887464,4.541044042948713,0.4015218399703469,0.5803669303965392,0.4752109302321777,0.7652010602601058
170,0.705014453269018,0.40749715516073703,2.595,0.6095900100368877,0.746585111724886,0.6705449803717703,0.8553777844775015
171,0.5612436152978847,0.41132295048450535,1.934198800537318,0.6513525991035743,0.7172181119443696,0.6831120709459544,0.8769977357018401
172,0.8180058721250946,0.4796092173052253,3.1091907307207767,0.5242239942643195,0.680145750579085,0.590764896731283,0.8285706446435186
173,1.5008355272089164,0.790059075030323,5.385276316030589,0.4497199136837823,0.6138769672393664,0.5179134405905973,0.7446849290652434
174,0.6691056512471166,0.43119075641102317,2.554314389420378,0.6197254781078816,0.7092932183322194,0.6624704999796176,0.8764369399653922
175,1.1773613669762295,0.6952404064133293,4.276285654630663,0.46554439694746136,0.6172249039294114,0.5311627162878999,0.8043231084037863
176,0.2864508617328502,0.27573674734876913,0.7132972732318553,0.857785929906227,0.8854265324277318,0.8714435923582966,0.919131285937392
177,0.43318402806709005,0.3184892664892696,1.2594590108455297,0.7152970241611902,0.8123248540279888,0.7606076369917332,0.8880476496431486
178,0.48036852662062673,0.43694042709340897,1.416066029533934,0.6703446218540026,0.7234448819502473,0.6963211953967955,0.8856218480525896
179,0.8315259749056105,0.43822513274469704,3.1805663017770907,0.5145781179409101,0.6705977021103624,0.5822293735971017,0.8265553000572623
180,1.8915076225237581,0.5212213623854581,6.438296746811225,0.44208816520042615,0.6803669048543494,0.5375620306228625,0.7051658764511178
181,0.4137209299233098,0.3733712527601137,1.038,0.7004160589417594,0.7606293018598415,0.729313779160373,0.8975466527632431
182,1.4708981639595957,0.6460097359119616,4.806785620349633,0.39708791037296515,0.582973335533139,0.4729069686891697,0.748205529901092
183,0.7117380963309444,0.37810729796583264,2.7353701760456484,0.6191920577444991,0.7785321595821693,0.6894172950235846,0.855554201056987
184,0.4629048314412989,0.3565493513541232,1.5761050091919637,0.7154651920591268,0.7805735756005352,0.7469273984174293,0.8933743290751189
185,0.906480152859758,0.5181121409923459,3.0262640334247113,0.5365102333445202,0.7021147370238227,0.6075096570720047,0.8130855333925814
186,1.5935286639655062,0.8137818213181217,5.38527631603059,0.40170712092265237,0.5937246105179147,0.47893735269656434,0.7299399816485241
187,0.5736749451089168,0.37841686369048344,2.409611171952853,0.6967652189013548,0.8030268067356102,0.7466040031192471,0.8886439954813851
188,2.4856199872611224,1.074821920441269,6.475378676185664,0.3198476354038484,0.5584988216933169,0.40608151715008944,0.6218494548501202
189,0.5428022008348508,0.3467163881358099,2.5718298932861017,0.7474866067668814,0.8106900656367984,0.7783598484107648,0.8854611770543286
190,0.40482021687340547,0.3072266939623955,1.235467118137913,0.7360292433720207,0.8276404348605632,0.7794317760564715,0.8934471109257032
191,0.47120397030823014,0.3882736746086565,1.4265945464637106,0.666578069663067,0.7437279753150935,0.7034900956077047,0.8896273462300208
192,0.7106213441903262,0.3989111630486974,2.4648705848380765,0.6082108215652592,0.7542928475957024,0.6727469283728568,0.8426543056688056
193,1.5082948372090375,0.49803263840519757,6.136015156434997,0.43295127430962815,0.6509834373179851,0.5201049432704334,0.7444195779564399
194,0.35620993789131317,0.28869759735407324,1.008754677808237,0.7892747155726929,0.8802716043622706,0.8323235853736386,0.9152296775677945
195,0.6589441508078606,0.4369275645356605,2.017509355616474,0.5666834112883946,0.7042736427913943,0.6281481512341571,0.8642226004714058
196,0.6769534847615938,0.35611592720817686,2.415813527572027,0.6283165672054026,0.7933726557391296,0.7017597377444066,0.8632060019225916
197,0.8629760756371101,0.423844648605292,3.3277214426691426,0.5536068843568008,0.7381393526690775,0.6337581984260423,0.8356680238540146
198,0.8936667257025958,0.4931631499924523,3.4513391603839807,0.5704760042885734,0.7323029283814861,0.6411166683644525,0.8292614172633804
199,1.2004493249731112,0.6472854106049483,4.4511793942729385,0.5111319191029623,0.6772775651277284,0.5828800444235681,0.7904636385141474
200,0.7482451499579,0.4600788054141241,3.0213151110071257,0.6155607608057224,0.7270724516605639,0.667811696995787,0.8669988264163021
201,2.612872471913571,1.0329214953320112,6.630663692270933,0.30974518495381775,0.5698171250941688,0.40196563713491557,0.6011226437469647
202,0.8394579287964402,0.4212624816440522,3.8334239264657386,0.6353297638336893,0.7702124773555985,0.696814358416078,0.8397948481386879
203,0.4526046719226543,0.3261879433227845,1.4882022711983744,0.7077424100761358,0.8159585095968758,0.758234615626098,0.8846294502812638
204,0.42907206694765876,0.3562136457198145,1.2232947314527274,0.7028294186221141,0.776124557962317,0.7378400429718887,0.9010173812282735
205,0.6888688748042605,0.35246647591549557,2.6065078169842497,0.6391017796890638,0.8195545341639968,0.7184258356697818,0.845660661198467
206,2.377543284794958,0.46415531053432124,8.895632411470249,0.4040723826308745,0.6933093003014302,0.5123984660429254,0.6820612584645713
207,0.4151003807667318,0.3346875644344714,1.0523179177415922,0.6981022509003787,0.7975461973868899,0.7451942065289262,0.9047452162332655
208,0.7277922935814116,0.45359887576797553,2.3530543980112317,0.5605258830308191,0.6858853262929502,0.6172045117305182,0.8616797757231174
209,0.6735762953421609,0.3242333039270284,2.8215446124419157,0.6718865669690381,0.8264405485301973,0.7411509030840843,0.8742407264655006
210,1.2618054362570026,0.5132777200314675,4.648519979520364,0.4545949347287803,0.6788107770692993,0.5453719898829275,0.7716162196345999
211,0.9227849938421873,0.4886756052699063,3.5200292612420143,0.5740948278576281,0.7326896956467217,0.6436954700710396,0.8269198147721489
212,1.0264914153864888,0.6086577145242615,3.566486366159277,0.5005192958313744,0.6674139573706175,0.5720165186723025,0.8040003101015583
213,0.9139036339104758,0.5188910101023485,3.6739595806159873,0.5448622293564831,0.6650217064295871,0.600167359883432,0.846163484512653
214,2.482639604951963,0.9817150424677201,6.9609662404008255,0.35111641252530834,0.604524881705758,0.44422879653961905,0.6221845318860244
215,0.7058394560179323,0.3587047839123698,3.2915494831461976,0.6949417267873824,0.8319330789639465,0.7574672995287578,0.8635054641546185
216,0.5046588468699938,0.3085649646103563,1.8552183159941043,0.7001114033893819,0.8342910893096757,0.7614139337572032,0.8801442519521777
217,0.5334668478788722,0.49582115092151263,1.4265945464637106,0.579223389548185,0.6250926314905285,0.6014455534907537,0.8752876667770285
218,0.5504573181015007,0.3395729306445336,1.9951333288780477,0.6649026960224853,0.8042994121578466,0.7284292671834891,0.8677985070718829
219,2.843587288518539,0.5130670228237444,9.777178836453796,0.359698886378794,0.6624607497618096,0.46826920261642885,0.6262433351555899
220,0.3782735227823143,0.3245936425907104,1.008754677808237,0.7440200144629673,0.8166540794883881,0.778930273342829,0.9104323246639846
221,0.8302206078422896,0.47312120605139785,2.8792938370371304,0.5196605816817236,0.6647886705475605,0.5846681511029578,0.8515360933282106
222,0.6898123445931502,0.3306409609863735,2.837410967766213,0.6603133271419661,0.82894771621645,0.7359733810884573,0.8706487033720115
223,1.9420368999928288,0.5698340911239783,7.247440582716081,0.3849839480899548,0.6660602638205064,0.4896477667337381,0.6851614785528855
224,0.8125156404523178,0.44840458133208594,3.194650059083154,0.6165534273804619,0.7621998636047727,0.6814574320541293,0.8469886719796694
225,1.1739828906318783,0.6282632887799332,4.349152561131881,0.473602358078845,0.6456567202163386,0.5465109560408472,0.7872492239933645
226,0.6588553871029827,0.5196005774208757,1.903,0.5410774007951065,0.6380647943919313,0.5863137992380572,0.8659984579799538
227,0.7515947177099641,0.43595266836243557,2.8636595468037047,0.595062210956848,0.737553674130503,0.658094175709233,0.8723673812198554
228,0.5629536490535033,0.3670981673844153,2.458791979814478,0.7097837503287009,0.8054326882789684,0.7548116862720495,0.8743936610176706
229,2.1751960685672365,1.2112138327447663,7.176894105391273,0.3485258998327214,0.48008457806477894,0.404891113704831,0.5761460960701947
230,3.2545762318313427,0.45259755197561397,10.053369236231205,0.34461400918899376,0.76281201053926,0.4736919660881105,0.5831847017926712
231,1.0620513964739526,0.4489511293756515,4.328458617106094,0.5118824815633981,0.6978388297932906,0.5912166835578558,0.8233631503310125
232,0.5064994935052284,0.4021689177604922,1.4265945464637106,0.6361534632911238,0.7268256338047434,0.6781809391347933,0.8879018325843383
233,0.33076848395014063,0.2964020494005593,0.8989343691282473,0.7952376998206522,0.8410653132793025,0.8176113986902014,0.9299138971729501
234,1.3448713899307665,0.4392400875139438,5.465266873630235,0.5172535121089674,0.7553226732162645,0.6133680786050645,0.7800560837152042
235,0.632654807699656,0.46465986029907674,1.8552183159941043,0.5590836331579494,0.6531714647263744,0.602960534133482,0.8667618615912626
236,0.8284757551968762,0.46960453365812993,2.8215446124419157,0.5498574444021398,0.7216741050108291,0.6252547142297264,0.8407821955124872
237,1.3818453307638259,0.5966054754541072,4.4343379438197985,0.43451212866061684,0.6259346939968687,0.5132858631140198,0.7576828812045231
238,0.4858095142937079,0.4335565383296724,1.3511731939318512,0.6635136465642006,0.7058780305464807,0.6842746948081021,0.900033583342662
239,0.9497063468969201,0.5905403689097749,3.3232214792276484,0.520809452436786,0.6390763534248062,0.573946412049238,0.841986720656605
240,0.353599044981148,0.28724587700033477,1.0941480704182593,0.7981037804763592,0.8757720886370551,0.8354045633440805,0.9145518691123354
241,1.8673238948755013,0.8608002999930471,6.496144241009432,0.3949819214953,0.5769755569545348,0.46934031092606787,0.7085252606947507
242,2.8171020076204605,0.41464185637794404,9.248625951999573,0.3805581675986164,0.7352557323092791,0.499812385930867,0.6620021528525296
243,1.0981799939329728,0.5019480250861061,3.8412233728331917,0.43149920409867537,0.6048974175020903,0.5042403161823907,0.797734037194759
244,0.9574363479515532,0.5000676788033307,3.2503749014536774,0.5081560170579628,0.6588840476030247,0.5748739937521289,0.8352133683727958
245,0.28893649208444205,0.25752252901943806,0.7927855952273603,0.8449610502870059,0.8828033198603976,0.8634075139082573,0.923038506055483
246,3.4256028644296004,0.5188506196932355,9.800110254481835,0.3198723839058422,0.6496283756641608,0.42887473936024173,0.5755586064496869
247,0.9575859638804918,0.4990615013645191,3.175857836868647,0.5002199605889995,0.6507028421070763,0.5665615910083521,0.816816185214247
248,0.6501884109879904,0.4207346136058793,2.346686174161343,0.6127303224275386,0.7320000657389573,0.6669945280885283,0.866464261326891
249,1.411819456997247,0.5301740383112629,5.412992795118058,0.4696941089219687,0.6734677200005728,0.5535321420878486,0.77378933569256
250,0.34798430217046505,0.31764554636848175,0.9316335116342692,0.7745939748452295,0.8265739283488935,0.7998516002702034,0.9074552644974353
251,0.7445040568322323,0.541054491595704,2.422,0.5841034940899669,0.6821580544599287,0.6292246150870067,0.8690015053771204
252,1.7493947634906748,1.080229828958347,4.871724232753739,0.3602427386418623,0.5354414822758244,0.43028085595065513,0.7080764506577581
253,0.32417230115111434,0.2855191252529974,0.9316335116342692,0.8180823968339455,0.869094404472901,0.8428073693661001,0.9193796141199826
254,1.674881731418942,0.8795197498557247,6.203925692656223,0.4323540898386854,0.6075495519582478,0.5060505862885485,0.7283383951653283
255,0.6826516705273661,0.4049162519332121,2.4950414826210805,0.5879209021056949,0.7244246475066635,0.6495026142765097,0.850350815986355
256,1.2176715082715552,0.5515828678570501,3.706401354413739,0.39950110179506904,0.6019355904253114,0.48160133286464196,0.7707303355136703
257,0.5688353951903684,0.4156688643952013,1.7038523997107262,0.6233101608246987,0.7334968570674463,0.673557073500385,0.8800303047569605
258,0.48165147421598764,0.40266238104631824,1.3511731939318512,0.6600834316550437,0.7270565137609791,0.6921318902857401,0.8677497412710562
259,0.9937602483739748,0.5124433109082874,3.3051603591959045,0.4520782413892639,0.6134200567952233,0.5209062156826028,0.8147926825567634
260,1.0596905072889928,0.5849956373123691,3.6040513314879408,0.47609683885865167,0.6180980474300767,0.5390553712580353,0.8118337006629889
261,0.553026386880921,0.4357106435774058,1.5949811911116694,0.5952374513116606,0.6900693847659305,0.6391325693092921,0.8774743114090819
262,1.488523301544399,0.6137499416960279,5.32941094305928,0.4578348310992939,0.6470576209610392,0.5371526312321194,0.7520876806860202
263,0.9064916133981631,0.4102858406456464,3.259569756885101,0.5369115378803967,0.7109692832116676,0.6123287157748799,0.8029489319495852
264,0.932211527577785,0.3758066481995113,4.622694668697036,0.6274080524813515,0.774343068047789,0.6929454009682322,0.8542063405538038
265,0.5521650705492002,0.4045017081740984,1.8552183159941043,0.6532354624715392,0.7609904524925031,0.7030658091230393,0.8921635499530688
266,0.30491121164864654,0.26546463431086603,0.865,0.8516746293100279,0.9113540984668853,0.8803856232504637,0.9246705419637664
267,2.901809192274202,1.6671429417773806,6.733679157785883,0.18454271640553319,0.33919059327660867,0.23766683616739065,0.5590080578612688
268,0.7353593007715231,0.46277250789916513,2.409611171952853,0.5365184530241233,0.6781205617572517,0.5992686026439819,0.8416269018157295
269,0.9456529668100547,0.4599734173401435,3.5832305256569805,0.5148290148247332,0.675136769110905,0.5854815491983602,0.8303645770665383
270,0.7454674814306239,0.4380806056595321,2.751733453661528,0.5949974451888598,0.7374754029225009,0.6582431109274965,0.8622844862237323
271,0.7438473083916086,0.40762987436947123,2.941,0.59187681622333,0.7478713240165135,0.6612984841149612,0.8189065608981538
272,0.8834060674482574,0.49512194628946404,2.724406724408087,0.4783416347701163,0.6402594547127015,0.5480019329890166,0.8344169985414633
273,0.9780591412165732,0.4424632509380434,4.5013256936151596,0.5552832937350516,0.7244774767834702,0.6293201345726522,0.8456575263811801
274,0.5822561530590831,0.4678451056558008,1.5949811911116698,0.5500178274092923,0.629750191100113,0.5874318797864334,0.8707042897628193
275,1.3460823957735815,0.5233663009137197,4.686991145713847,0.43701786183700725,0.6380510316565324,0.5200312885765852,0.7708887894278109
276,1.1304234745481507,0.4612218393022327,4.115800529666131,0.5193235492181155,0.7168274460244534,0.6027761192957204,0.7784542298270315
277,0.40004938341083873,0.3356452740194693,1.134436864704246,0.7581873220812224,0.8118650048102998,0.7843938988551652,0.8991628547283923
278,0.6797015615269971,0.388464701937256,2.3530543980112313,0.5990601556653268,0.7456338690318892,0.6661583183929642,0.8572718654201469
279,0.9513759784834183,0.6714406921493541,3.1331632577955464,0.544844013472914,0.6591868351581919,0.5966023460421205,0.8411017895732725
280,0.6173149989241987,0.4326397015733963,2.0396399192014263,0.6066126193906176,0.7109160499417759,0.6547728436605795,0.8622767305237009
281,1.2018893343045582,0.9493404769805921,3.2179860161287217,0.33001144202516536,0.38746080641354824,0.3566054995053253,0.7549421114382485
282,0.538645378213441,0.32496669099375297,2.167683786902509,0.7066008793153021,0.8227226854751204,0.7600889042885751,0.8724869244834772
283,1.4368736930087984,0.509522006681623,5.008043729841025,0.4431712260062691,0.6729224701079455,0.5367097553177386,0.778395421467103
284,0.2835723456477198,0.2705106999998773,0.8650000000000001,0.845972949783011,0.8713783902759182,0.8584827681382957,0.9358323132377325
285,1.274471329952194,0.5374121508244986,4.202155399315927,0.4352006465823554,0.6345579194198548,0.5175113045657054,0.7960456692314405
286,0.4855334520309501,0.3653858452790106,1.5761050091919637,0.6796208272634933,0.7795069552660304,0.726327579862518,0.9032040076623645
287,0.9037090039590148,0.469991115630982,3.6371167152017545,0.5293646210572598,0.6799224256827148,0.595064430399511,0.8389038126004111
288,0.6370129076258664,0.3845518962409984,2.6463911275546557,0.6556477191803197,0.7737277625627602,0.7101261192626881,0.8792037507857869
289,1.1650518893739603,0.46014727890728857,5.287124549317899,0.48972151949375314,0.691698876349018,0.5748925288882634,0.7950190557368055
290,0.6496538850642758,0.424894415631751,2.507008177090773,0.6158403400786077,0.7166219464220521,0.6622017512930043,0.8390426156568113
291,0.488304437473419,0.36809156046634844,1.467953677743273,0.6548291475436424,0.754199743153418,0.701470951827663,0.8665733756459627
292,0.5845388463575745,0.3520987102564569,2.282026730781215,0.6582223622340042,0.7856238910849703,0.7166475927301199,0.8462672540888203
293,0.6404172266926347,0.39195539294419385,2.6236749036418368,0.6260685135833072,0.7448634827245163,0.6802961718693495,0.842176760532662
294,0.6457029913089274,0.5093967137346987,1.8632670232685384,0.52263117519952,0.6157873262289142,0.5656789486244842,0.842661718210915
295,0.6871543016671812,0.45430312593593714,2.002619784182709,0.5234477660852253,0.6464464958325521,0.5782449141266258,0.8544612007429004
296,1.0029354504868129,0.5570667757723158,3.9030579037467534,0.49178930122957,0.6390132969460015,0.555145457271581,0.8107582495627353
297,0.6542783414939243,0.5139803627304899,1.557,0.461317214256733,0.5815044096385618,0.5152287171062613,0.8268292538923122
298,1.1680196928567752,0.5345582391986712,4.1878865791709305,0.4446723401047504,0.6499961828664542,0.5287329806238789,0.7979622710094029
299,0.8027943810877938,0.4925993027003138,2.905164022908173,0.5248575136801106,0.6509907039025079,0.5816626028639055,0.8115886605314451
300,0.9406096845826974,0.5322309456311431,3.5664863661592765,0.4598825349966863,0.605270658341876,0.5229720621438082,0.7964897503690719
301,0.7474617498331273,0.5928734169345687,2.0831958621310673,0.4417655241477767,0.5310835803374148,0.4833161968642302,0.8019019433464474
302,1.1581300738950115,0.5969372993037699,4.180733906863722,0.4180187626650078,0.5776960472118328,0.4854971232089778,0.7393178965707616
303,1.0350548528822687,0.6475107416647379,2.8636595468037047,0.4190583833805191,0.591838356066413,0.49247567585214447,0.8106540369711766
304,0.7218509083509715,0.4829115950718211,2.6856822224529844,0.5887218986098602,0.692752146643038,0.6369140357749856,0.8679584252880098
305,0.9271128677347263,0.4822167021445227,3.694269075202834,0.529425041018277,0.6666513127945963,0.5899823490707463,0.8116003454249734
306,1.1846137520993607,0.5453830487610085,4.053519581795554,0.44516923130800035,0.668179557469426,0.5367748613191997,0.7664891261562684
307,1.5024619896517992,0.36089894929047084,5.940226510832731,0.563180072421779,0.8348578257467817,0.6706716793379015,0.7413076396323409
308,0.6859196618179312,0.4418715110770119,2.2222252361090677,0.5566984124021306,0.6852805964621578,0.6135389372700245,0.8183574616874043
309,0.46317314484504735,0.33052433966167255,1.6412221056273888,0.7136785317209869,0.8214130971541542,0.7624900660081411,0.8824934104046243
310,0.8587771948802945,0.7484316838117357,2.542570353008939,0.4401809557004338,0.5150873964081261,0.4745583918270471,0.7742262488189533
311,0.6272330984912794,0.43061476807936677,2.0542611810575595,0.5798627132255072,0.6923928561943679,0.6315193438083906,0.8420142203304575
312,0.6291606679100188,0.33553822794441657,2.43432577934836,0.6634200680360985,0.8053125406170448,0.7262117632293472,0.8436524161223192
313,0.8677429330514622,0.5292327442803132,2.595,0.49002136125568985,0.6207527939984434,0.5484117724787138,0.78585771601918
314,1.4149264150966956,0.6405790270762016,4.847088301238178,0.4488278654835703,0.6341939695937868,0.5252455458390626,0.7570013160012498
315,0.5475623716846095,0.5082926929440855,1.3175287473144563,0.5699157170188539,0.6103736769931961,0.5894815241024867,0.8425726141078839
316,0.7965555130073492,0.564905084954603,2.327476960143752,0.4735438950082443,0.5870466406873516,0.5241138952731818,0.8446980173839355
317,0.9498687217175295,0.43844007303248494,4.075609770328852,0.5166205360460093,0.6994011344217881,0.5942002999656086,0.8074741621713913
318,0.34763387030614,0.2831513766951795,0.9316335116342692,0.781292521119218,0.8592071970195769,0.8181974346529947,0.9056928761758947
319,0.51929224376015,0.3613755503912826,1.6412221056273888,0.674295688239625,0.7982692239413327,0.7310210344993471,0.8800397306495669
320,0.8161844617187849,0.47439845094283806,2.7949005349028075,0.5038861911569508,0.6462348622073,0.5668217353302563,0.8385437642229479
321,0.5969505436851689,0.43479146275124597,1.8390152256030945,0.5910110100684718,0.6976934992645076,0.6402080270746221,0.8488031339239428
322,0.550897262528913,0.44501446318737564,1.557,0.6144363472420351,0.6899773536417813,0.6496078453838832,0.8589936216749943
323,0.8416377097762989,0.5297087444189933,2.9612829989718987,0.48821230067140964,0.6064330927807355,0.5424533278468339,0.8117388992712535
324,0.457966866967294,0.33142208121452527,1.3622033622040435,0.7068161278718181,0.8038442143906122,0.7525330280384244,0.8809205583169576
325,0.8332177234578122,0.46847855923626514,2.691248409196,0.5343156108103729,0.6867833586985079,0.5998853204033364,0.8072756258110716
326,0.6613885863360033,0.3930680649868302,2.4587919798144777,0.6076729773896242,0.7537928512020226,0.6726065677286694,0.8742301309997448
327,0.7949228607756674,0.5555794595626794,2.195123914497767,0.4580923898946417,0.562817474845229,0.5059132967165414,0.8135207384821018
328,1.2302909123841812,0.3746097690233255,4.8098978159624135,0.5441964903210904,0.7900033443254181,0.6439434552195764,0.7704349967458796
329,0.7276306100549104,0.49446750337489315,2.7133989754549552,0.5706345197430535,0.6758008381432163,0.6180585771933196,0.8382329604062525
330,0.49130861427420874,0.34932842854317586,1.557,0.6836136787981542,0.7960645797044966,0.7349336398668076,0.8760749727849991
331,0.7027571437270947,0.32987880811998016,3.006419465078019,0.6583169299644122,0.8247223838297528,0.7310486364666852,0.86743711760707
332,0.8111838668637905,0.3639739259543261,3.4815578409671724,0.6189733975199818,0.8062341002086157,0.7006525595718924,0.8366748283835392
333,0.42188599489700135,0.3592427630003332,1.2232947314527272,0.7120138688710229,0.7848006074351445,0.7464341802684531,0.8821513170627159
334,0.5419975483744478,0.3593366915985866,1.934198800537318,0.6849653633626007,0.8057976267125111,0.7400052841530331,0.8729453109561459
335,0.6684312145787467,0.3349124494212732,2.8109172880040427,0.6420072424114557,0.8093671268087514,0.7164655878292947,0.8448932552623011
336,1.0624178873932537,0.5409750646723699,3.8451171633644665,0.4367098279707918,0.6095985280196647,0.5085430265071339,0.7792073018907676
337,1.3331983977118131,0.561951347204058,5.140749653503854,0.41984150767918776,0.5940636446323899,0.4924247342867835,0.7614528375644511
338,0.6366070573434094,0.4478837630922382,1.7300000000000002,0.5537902135661323,0.6679788276996976,0.6061085004354244,0.8545318229121984
339,0.7621742465373071,0.5091525530815392,2.542570353008939,0.5100167312890764,0.6358417529829644,0.5660453837377741,0.8050024757303404
340,0.7534411999144156,0.4491646017193493,2.507008177090773,0.49750702667610774,0.6479780186305303,0.5632748492796356,0.8486496552514468
341,0.6410518621381098,0.35101210027867147,2.617965049422929,0.6577092246159837,0.8071013492362441,0.724247108793537,0.8646521053543054
342,2.0610651050032165,0.6937456161788722,8.5455696123781,0.31571196698862897,0.49354592239693146,0.38657208999741577,0.6713127754214303
343,0.8967714983451989,0.5477982510354297,3.0213151110071257,0.4528821560762755,0.5763812488052243,0.5078454255587007,0.8286406304431745
344,0.9274460720161896,0.5526398806377673,2.773400980745482,0.47554089811163214,0.6218949689939062,0.5379395444634285,0.8204397927517312
345,1.3158053160107561,0.5365863885984805,3.956370432606128,0.38464671034430664,0.6078177842127706,0.47196379189757254,0.7482226666260613
346,0.941185933976795,0.6107447971129106,2.900008448263556,0.4062093145668699,0.5139287461066148,0.4538782021934339,0.7880405587911271
347,0.9146907837186831,0.5775156690730628,2.5601662055421324,0.42086930294198993,0.5723149998031639,0.4865068795201203,0.7879117904132794
348,0.8046364650642592,0.5138031535240837,2.7680000000000002,0.4907977932691112,0.5964029021004931,0.5381933249698339,0.8050457619528876
349,1.6422027281068372,0.6821471970956002,5.478940317251138,0.3731203771878125,0.49913339628803327,0.42679733671355563,0.7208576943908231
350,0.784185657530152,0.48860779774346436,2.4526983100251036,0.48903860814463773,0.6344551603232726,0.5520438830909127,0.8353658615954338
351,0.5960546607702705,0.462676739759584,1.6412221056273888,0.5604848586915602,0.6418228370409853,0.5980686614337749,0.8562812422334786
352,1.5383567349137248,0.607229374893171,5.091022883468508,0.3332630642111951,0.5358020671096488,0.41395399511227116,0.7092414618735658
353,0.6041195628405166,0.4655505840464661,1.7126126240338182,0.5615825661862182,0.6364973637247189,0.5971294571036699,0.8566712107329355
354,0.621823379175399,0.4115196458226163,2.0831958621310673,0.6026324425606194,0.7263546772027486,0.6587401132749233,0.8488344535057548
355,0.41844859184738475,0.38193862274925233,1.1077404930758827,0.6972887612189494,0.7376199627819006,0.7171121313983119,0.8961911254705516
356,1.65807476466848,0.3746742420434536,6.937278428894144,0.4781799623181347,0.7538116414252107,0.5844088154862009,0.7494208825464009
357,0.6942938460292712,0.4724888013308152,2.146873540756418,0.5335484213247049,0.6692315789496502,0.593621024037216,0.8440652487933201
358,0.49878773502166873,0.4151846293157961,1.2594590108455297,0.6199261392589253,0.7075173277208623,0.660763577521826,0.8728762074482088
359,0.7371954989035207,0.5593490013667954,1.934198800537318,0.45014492061931327,0.5628435467744697,0.5001103652273186,0.8048542448005456
360,1.0717404117221527,0.4640607039717019,3.856774948062176,0.4681325792625483,0.6583865734058996,0.5472821493288118,0.7821383944945574
